name;id;stat_zone
Pio VII;105;CORSO TRAIANO
Pio VII 2;106;CORSO TRAIANO
Lingotto Fiere;69;MOLINETTE-MILLEFONTI
Ventimiglia;156;MOLINETTE-MILLEFONTI
Giambone;54;MERCATI GENERALI
Galimberti;51;MERCATI GENERALI
CORSO ORBASSANO;-6;GERBIDO
VIA NIZZA;-5;MOLINETTE-MILLEFONTI
Nizza 3;94;MOLINETTE-MILLEFONTI
Spezia 1;138;MOLINETTE-MILLEFONTI
Montevideo;87;MERCATI GENERALI
Filadelfia;43;ISTITUTO DI RIPOSO PER LA VECCHIAIA
Sebastopoli;135;MERCATI GENERALI
Molinette 1;85;CORSO DANTE-PONTE ISABELLA
Carducci;19;MOLINETTE-MILLEFONTI
Galileo Ferraris 6;50;STADIO COMUNALE-PIAZZA D ARMI
Molinette 2;86;CORSO DANTE-PONTE ISABELLA
Giordano Bruno;58;MERCATI GENERALI
De Amicis;35;CORSO DANTE-PONTE ISABELLA
Madama Cristina;75;CORSO DANTE-PONTE ISABELLA
Dante;34;CORSO DANTE-PONTE ISABELLA
Turati;146;MERCATI GENERALI
Piazza d`Armi;102;STADIO COMUNALE-PIAZZA D ARMI
Mauriziano 1;81;OSPEDALE MAURIZIANO
Torino Esposizioni;143;PIAZZA NIZZA
Raffaello;118;PIAZZA NIZZA
Piazza Nizza;103;CORSO LEPANTO
Mauriziano 2;82;OSPEDALE MAURIZIANO
Orbassano;96;CROCETTA
Belfiore;6;PIAZZA NIZZA
Nizza 2;93;PIAZZA NIZZA
Valentino 2;155;S. SALVARIO - VALENTINO
Sommeiller;137;PORTA NUOVA-SAN SECONDO
Galileo Ferraris 1;45;OSPEDALE MAURIZIANO
Marconi 1;76;S. SALVARIO - VALENTINO
Re Umberto 2;121;OSPEDALE MAURIZIANO
Galileo Ferraris 2;46;CROCETTA
Nizza 1;92;PIAZZA NIZZA
De Gasperi;36;CROCETTA
Baretti;4;S. SALVARIO - VALENTINO
Fiume;44;PIAZZA CRIMEA
Cairoli;18;BORGO NUOVO
Valentino 1;154;S. SALVARIO - VALENTINO
Re Umberto;120;PORTA NUOVA-SAN SECONDO
Galileo Ferraris 3;47;POLITECNICO
Santå«Anselmo;133;S. SALVARIO - VALENTINO
Lione;70;SAN PAOLO
Vittorio Emanuele II 5;162;S. SALVARIO - VALENTINO
Politecnico 3;109;POLITECNICO
Vittorio Emanuele II 4;161;BORGO NUOVO
Murazzi;91;BORGO NUOVO
VIA MONFERRATO;-4;PIAZZA CRIMEA
Politecnico 2;108;POLITECNICO
Politecnico 1;107;POLITECNICO
Porta Nuova 2;112;P.ZZA S. CARLO-P.ZZA CARLO FELICE
Gran Madre;61;PARCO MICHELOTTI-BORGO PO
Porta Nuova 1;111;P.ZZA S. CARLO-P.ZZA CARLO FELICE
Giardini Cavour;55;PALAZZO CARIGNANO
Bodoni;11;BORGO NUOVO
Lagrange;64;P.ZZA S. CARLO-P.ZZA CARLO FELICE
Galileo Ferraris 4;48;POLITECNICO
Vittorio Emanuele II 6;163;P.ZZA S. CARLO-P.ZZA CARLO FELICE
Ferrucci;42;PORTA SUSA - NUOVO TRIBUNALE
Politecnico 4;110;POLITECNICO
Giolitti 2;57;PIAZZA VITTORIO VENETO
Paleocapa;98;P.ZZA S. CARLO-P.ZZA CARLO FELICE
Vittorio Emanuele II 3;160;POLITECNICO
Valdo Fusi;151;PALAZZO CARIGNANO
Stati Uniti 1;139;POLITECNICO
Maria Vittoria;77;PIAZZA VITTORIO VENETO
Vittorio Veneto 2;164;PIAZZA VITTORIO VENETO
Lungo Po Cadorna;73;PIAZZA VITTORIO VENETO
CLN;28;P.ZZA S. CARLO-P.ZZA CARLO FELICE
Matteotti 1;78;COMANDI MILITARI
Giolitti 1;56;P.ZZA S. CARLO-P.ZZA CARLO FELICE
O.G.R.;95;POLITECNICO
Piazza Carlina;101;PALAZZO CARIGNANO
Galileo Ferraris 5;49;COMANDI MILITARI
Vittorio Emanuele II 1;158;POLITECNICO
Arcivescovado;3;P.ZZA S. CARLO-P.ZZA CARLO FELICE
Borromini;15;PARCO MICHELOTTI-BORGO PO
Giulia di Barolo;59;PIAZZA VITTORIO VENETO
Vittorio Emanuele II 2;159;COMANDI MILITARI
Universita`3;150;PALAZZO CARIGNANO
Matteotti 2;79;COMANDI MILITARI
Carlo Alberto;20;PALAZZO CARIGNANO
Castelfidardo;22;PORTA SUSA - NUOVO TRIBUNALE
Solferino 2;136;COMANDI MILITARI
Universita` 1;149;PIAZZA VITTORIO VENETO
San Francesco da Paola;130;PALAZZO CARIGNANO
Matteotti 3;80;COMANDI MILITARI
RAI;119;PIAZZA VITTORIO VENETO
Bava;5;VANCHIGLIA
Carrara;21;MADONNA DEL PILONE
Meucci;84;COMANDI MILITARI
Regina Margherita 1;123;GASOMETRO
Bertola;10;MUNICIPIO
CORSO SAN MAURIZIO E VANCHIGLIA;-3;VANCHIGLIA
Castello 2;24;PALAZZO REALE
Pietro Micca;104;MUNICIPIO
Adriano;1;PORTA SUSA - NUOVO TRIBUNALE
Tribunale;145;PORTA SUSA - NUOVO TRIBUNALE
Bolzano;13;COMANDI MILITARI
Castello 1;23;PALAZZO REALE
Tortona;144;VANCHIGLIETTA
San Maurizio;132;VANCHIGLIA
Regina Margherita 2;124;GASOMETRO
Cernaia;25;COMANDI MILITARI
Inghilterra 1;62;PORTA SUSA - NUOVO TRIBUNALE
Porta Susa 1;114;COMANDI MILITARI
Principi d`Acaja 1;116;PORTA SUSA - NUOVO TRIBUNALE
Belgio 2;7;VANCHIGLIETTA
IV Marzo;63;MUNICIPIO
Porta Susa 2;115;COMANDI MILITARI
Arbarello;2;MUNICIPIO
Regina Margherita 3;125;VANCHIGLIA
Porta Palatina;113;PORTA SUSA - NUOVO TRIBUNALE
Corte d`Appello;32;MUNICIPIO
Regina Margherita 4;126;BORGO D
Viale dei partigiani;-2;PALAZZO REALE
Parco spina;-1;LA TESORERIA